{
  "edhec": {
    "assets": ["Convertible.Arbitrage", "CTA.Global", "Distressed.Securities", "Emerging.Markets", "Equity.Market.Neutral"],
    "mvo_weights": [2.5044503163e-19, 0.05943382652, -3.5948633862e-19, 1.0071053771e-18, 0.94056617348],
    "hrp_weights": [0.10135617538, 0.090991344588, 0.064010562245, 0.016200420177, 0.72744149761],
    "herc_weights": [0.16945093722, 0.17761220702, 0.10028906923, 0.050453455864, 0.50219433067],
    "nco_weights": [-1.6919041413e-18, 0.05943382652, -1.9515773455e-18, -4.9907628579e-35, 0.94056617348],
    "bl_mu": [0.0052540798543, 0.00019141562142, 0.0039615349002, 0.006569779464, 0.0013553852736],
    "robust_weights": [4.5885342635e-07, 1.7261597869e-06, 0.99999627172, 1.0043078525e-06, 5.4022203255e-07],
    "evar_eq": 0.046676258989
  },
  "stocks": {
    "assets": ["AAPL", "AMZN", "GOOGL", "META", "MSFT"],
    "mvo_weights": [0.28215866937, 0.098777839953, 0.23853167064, 4.1611621925e-18, 0.38053182004],
    "hrp_weights": [0.16432503912, 0.22948037997, 0.26774080118, 0.15249971011, 0.18595406962],
    "herc_weights": [0.25786358923, 0.12397470603, 0.25345544698, 0.10106361206, 0.2636426457],
    "nco_weights": [0.27307041802, 0.097881524312, 0.24630939211, 1.4686166653e-18, 0.38273866556],
    "bl_mu": [0.00061573135866, 0.0007747301871, 0.00069988495622, 0.00095327229246, 0.00065153995527],
    "robust_weights": [0.27789260245, -1.2383860853e-07, 0.67915426509, 0.042953309342, -5.1802141703e-08],
    "evar_eq": 0.066359485114
  },
  "macro": {
    "assets": ["BRK.B", "GLD", "QQQ", "SPY", "TLT"],
    "mvo_weights": [0.22553533419, 0.26211637508, 9.0869604606e-18, 0.1086210284, 0.40372726233],
    "hrp_weights": [0.13898811618, 0.25627876281, 0.099059377536, 0.22771342243, 0.27796032104],
    "herc_weights": [0.19441208119, 0.19010519634, 0.16412782429, 0.25337136016, 0.19798353803],
    "nco_weights": [0.14926646896, 0.25659778813, -7.9183544319e-18, 0.18912638759, 0.40500935531],
    "bl_mu": [0.00035060246455, 9.9577668713e-05, 0.00038451448785, 0.00035128655685, 2.150221393e-05],
    "robust_weights": [-6.6201834769e-07, 0.70942475737, 0.29057689844, -2.1574891526e-07, -7.7593278748e-07],
    "evar_eq": 0.035570762032
  }
}
