{"mu":[0.00714583333333333,0.0107791666666667,0.0057625,-0.00275,0.0102541666666667],"sigma":[[0.000187408677536232,-0.000143916394927536,0.000260567010869565,0.000530782391304348,7.30130615942029e-05],[-0.000143916394927536,0.00070450259057971,-0.000239095163043478,-0.000331852391304348,1.26372644927536e-05],[0.000260567010869565,-0.000239095163043478,0.000531874619565217,0.00111347456521739,0.000143354293478261],[0.000530782391304348,-0.000331852391304348,0.00111347456521739,0.0032780947826087,0.000333331956521739],[7.30130615942029e-05,1.26372644927536e-05,0.000143354293478261,0.000333331956521739,6.57286775362319e-05]],"frontier_weights":[[0.0617907815248584,0.0848574024141225,-6.63441152516637e-17,-1.83313403872611e-17,0.853351816061019],[0.0499987655248354,0.0824613520920889,-6.68491665124904e-17,-1.19757958396749e-17,0.867539882383076],[0.038206749524814,0.0800653017700556,-7.127110294393e-17,1.69421728670693e-18,0.881727948705131],[0.0264147335247921,0.0776692514480223,-7.56930393753695e-17,-1.31424945523171e-17,0.895916015027186],[0.0146227175247703,0.075273201125989,-8.01149758068091e-17,5.27518574064763e-19,0.910104081349241],[0.00283070152474812,0.0728771508039556,-8.06200270676358e-17,-4.31405457144809e-19,0.924292147671296],[-2.02689398237809e-17,0.123537771899021,-5.62376553637944e-17,-2.25971548092977e-18,0.876462228100979],[-5.57469524496374e-17,0.190957943291405,1.08211648695228e-18,5.02504366316719e-18,0.809042056708596],[-1.09402730996467e-16,0.258378114683786,3.45631978926816e-17,4.99533422846816e-18,0.741621885316214],[-1.44880743622323e-16,0.32579828607617,6.80442792984122e-17,2.61578811803796e-17,0.67420171392383],[-1.88958712474495e-16,0.393218457468547,1.09359131045365e-16,3.26914909746988e-17,0.606781542531453],[-2.19647820253029e-16,0.460638628860939,1.38923327280487e-16,3.2661781540001e-17,0.539361371139061],[-2.55125832878885e-16,0.528058800253321,1.96243099131233e-16,5.38243284919122e-17,0.471941199746679],[-3.0399270657839e-16,0.595478971645709,2.29724180536966e-16,5.37946190572139e-17,0.404521028354291],[-3.34681814356917e-16,0.662899143038088,2.7103903228392e-16,6.76426974303291e-17,0.337100856961912],[-3.65370922135445e-16,0.73031931443047,3.04520113689649e-16,6.76129879956301e-17,0.26968068556953],[-4.14237795834947e-16,0.797739485822851,3.38001195095378e-16,6.7583278560931e-17,0.202260514177149],[-4.49715808460808e-16,0.865159657215244,3.71482276501114e-16,8.87458255128435e-17,0.134840342784756],[-4.80404916239336e-16,0.932579828607625,4.24885163181246e-16,8.87161160781444e-17,0.0674201713923746]],"frontier_means":[0.0101066504570276,0.0101420460470087,0.0101774416369897,0.0102128372269707,0.0102482328169517,0.0102836284069327,0.0103190239969137,0.0103544195868947,0.0103898151768757,0.0104252107668567,0.0104606063568377,0.0104960019468187,0.0105313975367997,0.0105667931267807,0.0106021887167617,0.0106375843067427,0.0106729798967237,0.0107083754867047,0.0107437710766857],"frontier_stds":[0.00785325320607558,0.00785388429402715,0.00785577725369404,0.00785893117324532,0.0078633445354008,0.00786901522107363,0.00799876899698581,0.00852156225981981,0.0093822232129063,0.0104979794567136,0.0117966691959353,0.0132245078075161,0.0147440218587651,0.0163296394810298,0.0179638648897455,0.0196345646542425,0.0213331710660697,0.0230535163802562,0.0247910753789191]}
