{"mu":[0.00714583333333333,0.0107791666666667,0.0057625,-0.00275,0.0102541666666667],"sigma":[[0.000187408677536232,-0.000143916394927536,0.000260567010869565,0.000530782391304348,7.30130615942029e-05],[-0.000143916394927536,0.00070450259057971,-0.000239095163043478,-0.000331852391304348,1.26372644927536e-05],[0.000260567010869565,-0.000239095163043478,0.000531874619565217,0.00111347456521739,0.000143354293478261],[0.000530782391304348,-0.000331852391304348,0.00111347456521739,0.00327809478260869,0.000333331956521739],[7.30130615942029e-05,1.26372644927536e-05,0.000143354293478261,0.000333331956521739,6.57286775362319e-05]],"frontier_weights":[[0.0617907815248583,0.0848574024141223,1.6693238390205e-17,1.45457918794464e-17,0.853351816061019],[0.0499987655248357,0.0824613520920888,1.12861898468075e-17,6.29907436152055e-18,0.867539882383075],[0.0382067495248147,0.0800653017700556,1.37129116446358e-17,4.61567607261342e-18,0.88172794870513],[0.0264147335247925,0.0776692514480222,4.72092760012686e-19,1.0997895712279e-17,0.895916015027185],[0.0146227175247703,0.0752732011259888,-1.01807061277191e-18,-4.56329038444262e-18,0.910104081349241],[0.00283070152474887,0.0728771508039556,1.74135712888467e-17,8.3822484842417e-18,0.924292147671296],[2.58656753736302e-17,0.123537771899018,1.29151825056582e-17,1.30126647159963e-17,0.876462228100982],[4.81245345148042e-17,0.190957943291396,1.65375916616886e-17,1.00125255966496e-17,0.809042056708604],[7.89833498823002e-17,0.258378114683781,4.49246013526779e-18,-6.1142519807347e-18,0.741621885316219],[1.01242209023474e-16,0.32579828607616,8.11486929129825e-18,-9.11439110008141e-18,0.67420171392384],[1.32101024390972e-16,0.393218457468549,-1.33770645096824e-20,-1.13633808696514e-17,0.606781542531451],[1.49570978684819e-16,0.460638628860927,3.60903209152078e-18,-1.43635199889981e-17,0.539361371139072],[1.93818655125963e-16,0.528058800253317,1.54025910101161e-17,-9.29804117977229e-18,0.471941199746683],[2.11288609419812e-16,0.5954789716457,1.11912298249209e-17,-1.88614995281378e-17,0.4045210283543],[2.46936329634632e-16,0.662899143038076,1.48136389809513e-17,-6.69382260874296e-19,0.337100856961924],[2.64406283928479e-16,0.730319314430456,1.06022777957561e-17,-1.02328406092398e-17,0.269680685569543],[3.00054004143303e-16,0.797739485822843,1.03078017811738e-17,-5.91851114979096e-18,0.202260514177156],[3.30912819510799e-16,0.865159657215228,2.21013606997691e-17,-8.16750091936081e-18,0.134840342784771],[3.48382773804644e-16,0.932579828607603,2.57237698557995e-17,-1.11676400387074e-17,0.067420171392397],[3.88819398866795e-16,0.999999999999988,2.15124086706043e-17,-2.0731098387073e-17,1.21164805786636e-14]],"frontier_means":[0.0101066504570276,0.0101420460470087,0.0101774416369897,0.0102128372269707,0.0102482328169517,0.0102836284069327,0.0103190239969137,0.0103544195868947,0.0103898151768757,0.0104252107668567,0.0104606063568377,0.0104960019468187,0.0105313975367997,0.0105667931267807,0.0106021887167617,0.0106375843067427,0.0106729798967237,0.0107083754867047,0.0107437710766857,0.0107791666666667],"frontier_stds":[0.00785325320607558,0.00785388429402715,0.00785577725369404,0.00785893117324532,0.00786334453540081,0.00786901522107363,0.00799876899698579,0.00852156225981972,0.00938222321290623,0.0104979794567134,0.0117966691959353,0.0132245078075158,0.014744021858765,0.0163296394810296,0.0179638648897452,0.0196345646542422,0.0213331710660695,0.0230535163802558,0.0247910753789185,0.0265424676806753]}
