{"input_R":[[0.0119,0.0393,0.0178],[0.0123,0.0298,0.0122],[0.0078,-0.0021,-0.0012],[0.0086,-0.017,0.003],[0.0156,-0.0015,0.0233],[0.0212,0.0085,0.0217],[0.0193,0.0591,0.0234],[0.0134,-0.0473,0.0147],[0.0122,0.0198,0.035],[0.01,-0.0098,-0.0064],[0,0.0133,0.0054],[0.0068,0.0286,0.0073],[0.0145,0.0104,0.0095],[0.0146,-0.0065,0.0227],[0.0144,0.0122,0.0252],[0.0126,-0.0296,0.0165],[0.0056,0.0193,0.0006],[-0.0006,0.0051,-0.0047],[0.006,-0.001,-0.0069],[-0.0319,0.0691,-0.0836],[-0.0196,0.0454,-0.0215],[-0.0214,0.0004,-0.0029],[0.0269,-0.0089,0.0164],[0.0113,0.0221,0.0108],[0.0219,-0.0167,0.0181],[0.0082,0.0197,-0.0021],[0.0136,-0.0065,0.0159],[0.0243,0.021,0.0418],[0.0166,-0.015,0.0207],[0.0102,0.0234,0.0273],[0.0101,-0.0051,0.0084],[0.0048,-0.0027,0.002],[0.0096,0.0064,-0.0041],[0.0045,-0.0354,0.0027],[0.0124,0.0166,0.022],[0.014,0.0142,0.03],[0.0227,0.0128,0.0088],[0.0267,-0.0022,0.0421],[0.0243,-0.0138,0.0103],[0.0223,-0.0241,-0.0101],[0.0149,0.0114,-0.0132],[0.0179,-0.0124,0.0203],[0.0093,-0.0131,0.0064],[0.0162,0.0189,0.014],[0.0141,-0.0208,-0.0019],[0.0052,0.0075,-0.0073],[-0.0081,0.0425,-0.0209],[-0.0002,0.0682,0.0001],[0.0344,0.0025,0.0308],[0.0182,-0.0016,0.01],[0.0162,0.0438,-0.0037],[0.0157,-0.0362,0.0048],[0.0033,0.0081,0.0235],[0.0012,-0.0077,0.036],[0.0091,-0.004,0.0073],[0.0142,0.0153,0.0106],[0.0078,0.0246,-0.0014],[0.0117,0.0336,0.0103],[0.008,-0.0543,0.0086],[-0.0094,0.0148,0.0015],[0.0148,-0.0072,0.0186],[-0.0049,-0.0202,-0.0033],[0.0053,0.0009,0.0052],[0.0096,-0.0104,0.0139],[0.0033,0.027,0.0091],[0.0004,0.0655,-0.0117],[-0.0159,0.0413,-0.0133],[0.005,0.022,0.0009],[0.0146,0.0284,-0.0044],[0.0104,-0.0376,-0.0031],[0.0251,-0.0164,0.0239],[0.0157,0.0489,0.0222],[0.0283,0.0441,0.0243],[0.0133,0.0402,0.0092],[0.0089,-0.0445,0.0113],[0.015,0.0065,0.0345],[0.0136,0.049,0.027],[-0.0058,-0.0192,0.0267],[-0.0072,-0.0171,0.0117],[-0.0087,0.0078,0.0137],[0.0171,-0.0019,0.0242],[0.0146,0.0104,0.0267],[0.0092,0.0018,0.0154],[0.0054,0.0381,0.0198],[0.0119,0.0199,0.0301],[0.0017,0.0529,0.0075],[0.0061,-0.0051,0.0046],[0.002,-0.0532,0.0093],[-0.0128,-0.0118,-0.001],[-0.0106,-0.0316,0.0202],[0.0013,-0.0119,0.0019],[0.004,-0.0084,0.0088],[-0.0017,0.022,0.0104],[-0.0044,0.0358,0.0143],[0.0081,0.0475,0.0337],[0.0056,0,0.0266],[-0.0096,-0.0438,0.0037],[-0.0058,0.0005,0.0134],[-0.014,-0.0006,0.0032],[-0.0316,-0.0354,-0.0052]],"mu":[0.007547,0.006266,0.009919],"sigma":[[0.00058083491585,-4.080210285e-05,0.00023240509708],[-4.080210285e-05,0.00074275075152,-3.9046210021e-05],[0.00023240509708,-3.9046210021e-05,0.00028845690088]],"m3":[[-1.1832448294e-05,4.2677780697e-06,-7.8811963922e-06,4.2677780697e-06,-6.386411355e-06,6.5234902123e-06,-7.8811963922e-06,6.5234902123e-06,-6.465140307e-06],[4.2677780697e-06,-6.386411355e-06,6.5234902123e-06,-6.386411355e-06,2.0723490902e-06,-5.0116698719e-06,6.5234902123e-06,-5.0116698719e-06,6.2675298567e-06],[-7.8811963922e-06,6.5234902123e-06,-6.465140307e-06,6.5234902123e-06,-5.0116698719e-06,6.2675298567e-06,-6.465140307e-06,6.2675298567e-06,-5.6925628794e-06]],"m4":[[1.5760033931e-06,-4.609041525e-07,1.0272423843e-06,-4.609041525e-07,7.1864185336e-07,-5.1127053442e-07,1.0272423843e-06,-5.1127053442e-07,8.8342080353e-07,-4.609041525e-07,7.1864185336e-07,-5.1127053442e-07,7.1864185336e-07,-1.968316767e-07,4.4069761785e-07,-5.1127053442e-07,4.4069761785e-07,-4.8940977238e-07,1.0272423843e-06,-5.1127053442e-07,8.8342080353e-07,-5.1127053442e-07,4.4069761785e-07,-4.8940977238e-07,8.8342080353e-07,-4.8940977238e-07,7.7553551776e-07],[-4.609041525e-07,7.1864185336e-07,-5.1127053442e-07,7.1864185336e-07,-1.968316767e-07,4.4069761785e-07,-5.1127053442e-07,4.4069761785e-07,-4.8940977238e-07,7.1864185336e-07,-1.968316767e-07,4.4069761785e-07,-1.968316767e-07,1.4927391306e-06,-2.2020946601e-07,4.4069761785e-07,-2.2020946601e-07,4.4501435589e-07,-5.1127053442e-07,4.4069761785e-07,-4.8940977238e-07,4.4069761785e-07,-2.2020946601e-07,4.4501435589e-07,-4.8940977238e-07,4.4501435589e-07,-4.5274683184e-07],[1.0272423843e-06,-5.1127053442e-07,8.8342080353e-07,-5.1127053442e-07,4.4069761785e-07,-4.8940977238e-07,8.8342080353e-07,-4.8940977238e-07,7.7553551776e-07,-5.1127053442e-07,4.4069761785e-07,-4.8940977238e-07,4.4069761785e-07,-2.2020946601e-07,4.4501435589e-07,-4.8940977238e-07,4.4501435589e-07,-4.5274683184e-07,8.8342080353e-07,-4.8940977238e-07,7.7553551776e-07,-4.8940977238e-07,4.4501435589e-07,-4.5274683184e-07,7.7553551776e-07,-4.5274683184e-07,7.7269305246e-07]]}
