{
  "T": 100,
  "N": 3,
  "returns": [
    [0.013709584471, 0.012009653756, -0.020009292377],
    [-0.005646981714, 0.010447510872, 0.0033377719743],
    [0.0036312841134, -0.010032086468, 0.011713251274],
    [0.0063286260496, 0.018484819017, 0.020595392423],
    [0.0040426832314, -0.0066677340876, -0.013768615982],
    [-0.0010612451609, 0.0010551381246, -0.011508555656],
    [0.015115219974, -0.0042225588187, -0.0070582139476],
    [-0.00094659038413, -0.0012235017195, -0.010540557821],
    [0.020184237139, 0.001881930345, -0.0064574372314],
    [-0.00062714099052, 0.00119160958, -0.0018537796768],
    [0.013048696542, -0.00025092550867, -0.012012220507],
    [0.022866453927, 0.0010807272794, 0.02036972167],
    [-0.013888607011, -0.0048543523585, 0.0010777474489],
    [-0.0027878876682, -0.0050421713069, -0.00084108100506],
    [-0.0013332133639, -0.016610990799, 0.004956196416],
    [0.0063595039807, -0.0038233372687, 0.00037415186118],
    [-0.0028425292142, -0.0051265025788, -0.0013208803696],
    [-0.026564554209, 0.027018910003, 0.014767874236],
    [-0.024404669286, -0.013621162312, -0.0021703021009],
    [0.013201133457, 0.0013725621856, -0.012836022041],
    [-0.0030663859408, -0.014936250673, 0.0038566789044],
    [-0.01781308434, -0.014704357414, -0.0035151287353],
    [-0.0017191735576, 0.001247023862, -0.0052179609336],
    [0.012146746992, -0.0099663913488, -0.010681312007],
    [0.018951934613, -1.8226143047e-05, 0.0042836590327],
    [-0.0043046913161, -0.0042825888143, -0.0017401823443],
    [-0.0025726938277, -0.0061367160645, 0.0051566772865],
    [-0.017631630852, -0.020246778454, -0.0023436527731],
    [0.0046009735483, -0.012247479504, -0.0065850342582],
    [-0.0063999487596, 0.0017951644112, 0.012502366041],
    [0.0045545012324, 0.0056762059442, -0.0027176371511],
    [0.0070483733723, -0.0049287735355, 0.0094795199588],
    [0.01035103522, 6.2884065351e-07, -0.012015824301],
    [-0.0060892637541, 0.011228896434, -0.0046611609638],
    [0.005049551233, 0.01439855743, -0.0026935139515],
    [-0.017170086791, -0.010971137684, -0.0039096540813],
    [-0.0078445900838, -0.0011731956025, 0.01348707012],
    [-0.0085090759418, 0.012014984009, -0.00022764701298],
    [-0.024142076499, -0.0046972958057, 0.002442258511],
    [0.00036122606892, -0.00052469484939, -0.0094237170786],
    [0.002059986002, -0.00086107298237, -0.0072921727651],
    [-0.0036105729855, -0.0088767901791, 0.0099806890855],
    [0.007581632357, -0.0044468400488, 0.012584816646],
    [-0.0072670482708, -0.00029444879088, 0.012488636888],
    [-0.013682810444, -0.0041386884906, -0.013806370495],
    [0.0043281802589, 0.011133860234, 0.020499606936],
    [-0.0081139317619, -0.0048099284165, 0.010168728298],
    [0.014441012617, -0.004331690326, -0.00026717464138],
    [-0.0043144620261, 0.0069686257655, 0.007036077788],
    [0.006556478834, -0.010563684132, -0.0097138522915],
    [0.003219252652, -0.00040698475151, -0.010961562416],
    [-0.0078383894088, -0.015515448223, 0.00049050450938],
    [0.015757275198, 0.011671695492, -0.011984958566],
    [0.0064289930572, -0.0027364570137, 0.0019001899856],
    [0.000897606466, -0.0046784532467, 0.012977058996],
    [0.0027655074729, -0.01238252328, -0.01033873723],
    [0.0067928881606, -7.7620337773e-05, -0.0073844075421],
    [0.00089832886579, -0.0080028217795, 0.00046563939451],
    [-0.029930900832, -0.0053349232995, -0.010175961198],
    [0.0028488295353, 0.012876752456, -0.0038328395989],
    [-0.0036723464274, -0.0017552587024, 0.0087275541167],
    [0.0018523056487, -0.010717823842, 0.0096954501397],
    [0.0058182372737, 0.0016320688247, 0.0038384666503],
    [0.013997368273, -0.0036273841563, -0.018515556631],
    [-0.0072729205947, 0.0059001354799, -0.00053996736826],
    [0.01302542632, 0.014324219277, 0.010647732143],
    [0.0033584811975, -0.0099269251111, 0.0081319503741],
    [0.010385060987, 0.0045465029758, -0.001908164741],
    [0.0092072856829, 0.00084898058678, -0.026999298086],
    [0.0072087816287, 0.0089556558226, 0.00060966638801],
    [-0.010431189386, -0.0022977813895, 0.0057375169748],
    [-0.00090186386611, 0.0083661906846, 0.00045803579725],
    [0.00623518162, -0.017450558613, 0.0015741254018],
    [-0.0095352335777, 0.016894589213, 0.0043156537287],
    [-0.0054282881457, 0.0086477797852, -0.0039654973605],
    [0.0058099649768, -0.0015077598889, 0.013099782258],
    [0.0076817873783, -0.014490071301, 0.0047039339987],
    [0.0046376758854, 0.0064300870004, -0.012426702706],
    [-0.0088577629741, 0.0048319386381, 0.013815754564],
    [-0.010997808986, -6.3556264214e-05, 0.01204458937],
    [0.015127070098, 0.0015145589286, 0.0082407396368],
    [0.0025792143753, -0.0058410897035, -0.016626294022],
    [0.0008844022916, 0.0036880673263, -0.0056930634361],
    [-0.0012089653754, 0.0029465433972, 0.0063551381729],
    [-0.011943288952, -0.0027925937334, 0.00043722007578],
    [0.0061199689804, -0.013362366549, 0.0034801230366],
    [-0.0021713984575, 0.0070074881844, 0.024595935489],
    [-0.0018275670633, 0.0055419662227, -0.008183803244],
    [0.0093334632857, -0.008363065928, -0.021132001149],
    [0.0082177311051, -0.01594588162, 0.0027369527243],
    [0.013921163759, 0.0020495858059, -0.0068759684124],
    [-0.0047617392305, -0.0034508797797, 0.0044604105296],
    [0.0065034856073, 0.0025261170336, -0.0081238472379],
    [0.013911104564, -0.012940024655, 0.022120554803],
    [-0.011107888794, -0.0095917044438, -0.0012370597158],
    [-0.0086079258688, 0.010857748537, -0.0047733550603],
    [-0.011317386809, 0.0040377490472, -0.0016626149149],
    [-0.014592139995, 0.0058648753672, 0.0086256338363],
    [0.00079982553241, 0.018152284462, 0.00097340485203],
    [0.0065320433965, 0.001288214286, -0.016256167392]
  ],
  "p_prior": [0.01, 0.01, 0.01, 0.01, 0.01, 0.01, 0.01, 0.01, 0.01, 0.01, 0.01, 0.01, 0.01, 0.01, 0.01, 0.01, 0.01, 0.01, 0.01, 0.01, 0.01, 0.01, 0.01, 0.01, 0.01, 0.01, 0.01, 0.01, 0.01, 0.01, 0.01, 0.01, 0.01, 0.01, 0.01, 0.01, 0.01, 0.01, 0.01, 0.01, 0.01, 0.01, 0.01, 0.01, 0.01, 0.01, 0.01, 0.01, 0.01, 0.01, 0.01, 0.01, 0.01, 0.01, 0.01, 0.01, 0.01, 0.01, 0.01, 0.01, 0.01, 0.01, 0.01, 0.01, 0.01, 0.01, 0.01, 0.01, 0.01, 0.01, 0.01, 0.01, 0.01, 0.01, 0.01, 0.01, 0.01, 0.01, 0.01, 0.01, 0.01, 0.01, 0.01, 0.01, 0.01, 0.01, 0.01, 0.01, 0.01, 0.01, 0.01, 0.01, 0.01, 0.01, 0.01, 0.01, 0.01, 0.01, 0.01, 0.01],
  "ranking_order": [3, 2, 1],
  "mu_ranking": [0.00041230141481, -0.0005385356367, -0.00053853053217],
  "target_mu_A": 0.01,