{
    "asset_names": [
        "Convertible Arbitrage",
        "CTA Global",
        "Distressed Securities",
        "Emerging Markets",
        "Equity Market Neutral"
    ],
    "w_edar": [
        4.3717732956927156e-08,
        0.49647839211702205,
        4.3680190272878386e-08,
        8.789520558714857e-09,
        0.5035215116955342
    ],
    "risk_edar": 0.055314911805603946,
    "w_rlvar": [
        1.3733717456290092e-09,
        0.4141239866730479,
        0.2525167600441359,
        6.748151929142325e-10,
        0.3333592512346293
    ],
    "risk_rlvar": 0.021070139683066116
}