{"edhec":{"assets":["Convertible.Arbitrage","CTA.Global","Distressed.Securities","Emerging.Markets","Equity.Market.Neutral"],"mvo_weights":[2.5044503163e-19,0.05943382652,-3.5948633862e-19,1.0071053771e-18,0.94056617348],"evar_eq":0.046676256293,"robust_weights":[-7.4675300987e-18,-4.6518183271e-17,1,1.4217463118e-16,-3.8557131235e-17]},"stocks":{"assets":["AAPL","AMZN","GOOGL","META","MSFT"],"mvo_weights":[0.28215866937,0.098777839953,0.23853167064,4.1611621925e-18,0.38053182004],"evar_eq":0.066359530205,"robust_weights":[0.27789253605,-1.8506726102e-17,0.67915419267,0.042953271273,-1.9842442462e-18]},"macro":{"assets":["BRK.B","GLD","QQQ","SPY","TLT"],"mvo_weights":[0.22553533419,0.26211637508,9.0869604606e-18,0.1086210284,0.40372726233],"evar_eq":0.035570652175,"robust_weights":[-2.2316721645e-17,0.70942386547,0.29057613453,-3.5606465773e-16,-1.930103004e-17]}}
