{"assets": ["Convertible Arbitrage", "CTA Global", "Distressed Securities", "Emerging Markets", "Equity Market Neutral", "Event Driven", "Fixed Income Arbitrage", "Global Macro", "Long/Short Equity", "Merger Arbitrage"], "weights": [1.182251747709309e-09, 0.00617850183927207, 8.982063912974387e-10, 2.8903708088919753e-10, 0.6735071481150898, 7.023470394396488e-10, 0.2377928451534867, 1.0882506542707912e-09, 4.925364184093175e-10, 0.08252150023952197], "risk_gmd": 0.0}