{
    "T": 205,
    "N": 10,
    "dummy_weights": [
        0.1,
        0.1,
        0.1,
        0.1,
        0.1,
        0.1,
        0.1,
        0.1,
        0.1,
        0.1
    ],
    "expected_gmd_risk_julia": 0.014690960306073643,
    "expected_cvar_risk_julia": -0.029580000000000002,
    "owa_gmd_weights_julia": [
        -0.00975609756097561,
        0.00975609756097561
    ],
    "owa_cvar_weights_julia": [
        -0.0975609756097561
    ]
}