{"assets": ["Convertible Arbitrage", "CTA Global", "Distressed Securities", "Emerging Markets", "Equity Market Neutral", "Event Driven", "Fixed Income Arbitrage", "Global Macro", "Long/Short Equity", "Merger Arbitrage"], "weights": [1.0755503596703013e-09, 0.006179162147807932, 8.169832889034433e-10, 2.6291847204029875e-10, 0.6735050770837322, 6.388475154240339e-10, 0.23779624764895174, 9.898373610813674e-10, 4.479962747572826e-10, 0.08251950888737496], "risk_gmd": 0.0}