{"mu": [0.090564, 0.07519199999999998, 0.11902800000000001, 0.10892399999999998, 0.09142799999999998, 0.10717199999999999, 0.06233999999999998, 0.101628, 0.10975199999999999, 0.08661600000000001], "sigma": [[0.0017351720121212121, -0.00019255153939393924, 0.0013079516, 0.0021169985575757574, 0.0005095867515151515, 0.0013766744606060607, 0.0007735083030303031, 0.0008663037212121215, 0.0011252004606060605, 0.0008437424727272724], [-0.00019255153939393924, 0.008913009018181822, -0.0006978818666666666, -0.0008458906909090905, 0.0003977290424242425, -0.0006192235878787878, 0.0002451676363636362, 0.0026848163151515156, -0.0001964258909090905, -0.00030471379393939374], [0.0013079516, -0.0006978818666666666, 0.003216925321212122, 0.005893974993939395, 0.0006199653212121213, 0.0029732558909090906, 0.0008449744848484851, 0.0019281574424242424, 0.002786388193939394, 0.0013631558545454546], [0.0021169985575757574, -0.0008458906909090905, 0.005893974993939395, 0.018276862678787874, 0.0014188828727272733, 0.0063028195515151516, 0.0015965670909090907, 0.005427847115151516, 0.007240440703030307, 0.0029419904727272742], [0.0005095867515151515, 0.0003977290424242425, 0.0006199653212121213, 0.0014188828727272733, 0.0005096065333333333, 0.0008287952848484848, 0.0002035502424242425, 0.0009161950181818183, 0.001143874254545455, 0.0005977873696969701], [0.0013766744606060607, -0.0006192235878787878, 0.0029732558909090906, 0.0063028195515151516, 0.0008287952848484848, 0.00344237016969697, 0.0007011740000000003, 0.00221190983030303, 0.003591462715151513, 0.0019295920242424242], [0.0007735083030303031, 0.0002451676363636362, 0.0008449744848484851, 0.0015965670909090907, 0.0002035502424242425, 0.0007011740000000003, 0.0015430869696969702, 0.001032912060606061, 0.00041186703030303033, 0.0002560944242424242], [0.0008663037212121215, 0.0026848163151515156, 0.0019281574424242424, 0.005427847115151516, 0.0009161950181818183, 0.00221190983030303, 0.001032912060606061, 0.004019831987878788, 0.0031913215272727272, 0.0010809510060606061], [0.0011252004606060605, -0.0001964258909090905, 0.002786388193939394, 0.007240440703030307, 0.001143874254545455, 0.003591462715151513, 0.00041186703030303033, 0.0031913215272727272, 0.005461375563636364, 0.002022678448484848], [0.0008437424727272724, -0.00030471379393939374, 0.0013631558545454546, 0.0029419904727272742, 0.0005977873696969701, 0.0019295920242424242, 0.0002560944242424242, 0.0010809510060606061, 0.002022678448484848, 0.0015032736484848486]], "max_sharpe_weights": [0.0, 0.006957361122826093, 0.02915364057982381, 0.0, 0.8664025674616125, 0.0, 0.09748643083573774, 0.0, 0.0, 0.0], "min_volatility_weights": [0.0, 0.009675052790989612, 0.0, 0.0, 0.8052419914417641, 0.0, 0.18508295576724632, 0.0, 0.0, 0.0], "frontier_means": [0.11902800000000001, 0.1190280000000001, 0.11902800000000016, 0.11902800000000027, 0.11151028319607786, 0.10399256639215546, 0.09647484958823306, 0.09533799097503287, 0.09420113236183268, 0.0930642737486325, 0.09067192344093096, 0.08827957313322936, 0.08588722282552783], "frontier_stds": [0.056717945319026866, 0.05671794531902695, 0.05671794531902702, 0.0567179453190271, 0.044572238873188216, 0.03354717050958599, 0.02516167391697549, 0.024305665842652664, 0.02359726781514137, 0.023050093343816396, 0.022193978721462303, 0.02158926879306449, 0.021257429518877623], "frontier_weights": [[0.0, 0.0, 1.0, 0.0, 0.0, 0.0, 0.0, 0.0, 0.0, 0.0], [0.0, 0.0, 1.0000000000000018, 0.0, -1.1842378929335002e-15, 0.0, 0.0, 0.0, 0.0, 0.0], [0.0, 0.0, 1.000000000000003, 0.0, -2.3684757858670005e-15, 0.0, 0.0, 0.0, 0.0, 0.0], [0.0, 0.0, 1.0000000000000049, 0.0, -3.552713678800501e-15, 0.0, 0.0, 0.0, 0.0, 0.0], [0.0, -1.1564823173178713e-18, 0.7276189563796311, 0.0, 0.27238104362036925, 0.0, 0.0, 0.0, 0.0, 0.0], [0.0, -2.3129646346357427e-18, 0.45523791275925746, 0.0, 0.544762087240742, 0.0, 0.0, 0.0, 0.0, 0.0], [0.0, -3.469446951953614e-18, 0.18285686913888372, 0.0, 0.817143130861115, 0.0, 0.0, 0.0, 0.0, 0.0], [0.0, 0.0013109446844732158, 0.14243751713514752, 0.0, 0.8562515381803785, 0.0, 0.0, 0.0, 0.0, 0.0], [0.0, 0.002621889368946435, 0.10201816513141129, 0.0, 0.8953599454996419, 0.0, 0.0, 0.0, 0.0, 0.0], [0.0, 0.003932834053419655, 0.06159881312767507, 0.0, 0.9344683528189054, 0.0, 0.0, 0.0, 0.0, 0.0], [0.0, 0.005846906965942974, 0.04106587541845005, 0.0, 0.891392899026525, 0.0, 0.0616943185890821, 0.0, 0.0, 0.0], [0.0, 0.007760979878466293, 0.020532937709225024, 0.0, 0.8483174452341444, 0.0, 0.1233886371781642, 0.0, 0.0, 0.0], [0.0, 0.009675052790989612, 0.0, 0.0, 0.8052419914417641, 0.0, 0.18508295576724632, 0.0, 0.0, 0.0]]}