{"mu": [0.09056399999999999, 0.07519199999999998, 0.119028, 0.10892399999999998, 0.09142799999999998, 0.10717199999999999, 0.06233999999999998, 0.101628, 0.10975199999999999, 0.086616], "sigma": [[0.0017351720121212121, -0.00019255153939393932, 0.0013079516000000001, 0.0021169985575757574, 0.0005095867515151515, 0.001376674460606061, 0.0007735083030303033, 0.0008663037212121215, 0.0011252004606060607, 0.0008437424727272722], [-0.00019255153939393932, 0.008913009018181818, -0.0006978818666666666, -0.0008458906909090911, 0.0003977290424242425, -0.0006192235878787876, 0.0002451676363636362, 0.0026848163151515156, -0.00019642589090909082, -0.000304713793939394], [0.0013079516000000001, -0.0006978818666666666, 0.003216925321212121, 0.005893974993939395, 0.0006199653212121212, 0.0029732558909090906, 0.0008449744848484851, 0.0019281574424242429, 0.002786388193939394, 0.0013631558545454546], [0.0021169985575757574, -0.0008458906909090911, 0.005893974993939395, 0.018276862678787874, 0.0014188828727272724, 0.0063028195515151516, 0.0015965670909090911, 0.005427847115151516, 0.007240440703030307, 0.0029419904727272742], [0.0005095867515151515, 0.0003977290424242425, 0.0006199653212121212, 0.0014188828727272724, 0.0005096065333333333, 0.0008287952848484848, 0.0002035502424242425, 0.0009161950181818183, 0.001143874254545455, 0.0005977873696969701], [0.001376674460606061, -0.0006192235878787876, 0.0029732558909090906, 0.0063028195515151516, 0.0008287952848484848, 0.00344237016969697, 0.0007011740000000002, 0.00221190983030303, 0.003591462715151513, 0.0019295920242424242], [0.0007735083030303033, 0.0002451676363636362, 0.0008449744848484851, 0.0015965670909090911, 0.0002035502424242425, 0.0007011740000000002, 0.0015430869696969702, 0.0010329120606060607, 0.00041186703030303033, 0.0002560944242424242], [0.0008663037212121215, 0.0026848163151515156, 0.0019281574424242429, 0.005427847115151516, 0.0009161950181818183, 0.00221190983030303, 0.0010329120606060607, 0.004019831987878787, 0.0031913215272727272, 0.0010809510060606061], [0.0011252004606060607, -0.00019642589090909082, 0.002786388193939394, 0.007240440703030307, 0.001143874254545455, 0.003591462715151513, 0.00041186703030303033, 0.0031913215272727272, 0.005461375563636364, 0.002022678448484849], [0.0008437424727272722, -0.000304713793939394, 0.0013631558545454546, 0.0029419904727272742, 0.0005977873696969701, 0.0019295920242424242, 0.0002560944242424242, 0.0010809510060606061, 0.002022678448484849, 0.0015032736484848486]], "max_sharpe_weights": [0.0, 0.0014144365336208366, 0.0, 0.0, 0.9057323848307489, 0.0, 0.09285317863562999, 0.0, 0.0, 0.0], "min_volatility_weights": [0.0, 0.009675052790989618, 0.0, 0.0, 0.8052419914417641, 0.0, 0.18508295576724632, 0.0, 0.0, 0.0], "frontier_means": [0.119028, 0.11902799999999995, 0.09647484958823313, 0.0930642737486325, 0.08889910647234699, 0.08889910647234696, 0.08588722282552783], "frontier_stds": [0.05671794531902686, 0.056717945319026845, 0.025161673916975526, 0.023050093343816393, 0.021652288784627376, 0.021652288784627365, 0.021257429518877623], "frontier_weights": [[0.0, 0.0, 1.0, 0.0, 0.0, 0.0, 0.0, 0.0, 0.0, 0.0], [0.0, 0.0, 0.9999999999999997, 0.0, 0.0, 0.0, 0.0, 0.0, 0.0, 0.0], [0.0, 0.0, 0.18285686913888471, 0.0, 0.8171431308611146, 0.0, 0.0, 0.0, 0.0, 0.0], [0.0, 0.0039328340534196884, 0.061598813127675, 0.0, 0.9344683528189054, 0.0, -2.7755575615628914e-17, 0.0, 0.0, 0.0], [0.0, 0.0008426402927216338, -4.336808689942018e-18, 0.0, 0.912688285867194, 0.0, 0.08646907384008459, 0.0, 0.0, 0.0], [0.0, 0.0008426402927216363, 0.0, 0.0, 0.9126882858671936, 0.0, 0.08646907384008448, 0.0, 0.0, 0.0], [0.0, 0.009675052790989618, 0.0, 0.0, 0.8052419914417641, 0.0, 0.18508295576724632, 0.0, 0.0, 0.0]]}