{
  "asset_names": ["Convertible Arbitrage", "CTA Global", "Distressed Securities", "Emerging Markets", "Equity Market Neutral"],
  "mu_robust": [0.0081259036145, 0.0041987951807, 0.011557831325, 0.013737349398, 0.0062421686747],
  "sigma_robust": [
    [0.00011402263467, 2.8875196772e-05, 8.8193700909e-05, 0.00011178673784, 3.0930352589e-05],
    [2.8875196772e-05, 0.00057959231983, 6.9024277619e-05, 0.00020051726299, 5.6085499576e-05],
    [8.8193700909e-05, 6.9024277619e-05, 0.00014225583367, 0.00018022355311, 4.0433009389e-05],
    [0.00011178673784, 0.00020051726299, 0.00018022355311, 0.00054586408578, 8.7706430462e-05],
    [3.0930352589e-05, 5.6085499576e-05, 4.0433009389e-05, 8.7706430462e-05, 3.7016457041e-05]
  ],
  "m3_fm1": [-4.9599376472e-06, -2.748386859e-07, -3.9612194913e-06, -8.6731747642e-06, -1.2939444374e-06, -2.748386859e-07, -2.3295549159e-08, -3.357561658e-07, -7.3514530325e-07, -1.0967577637e-07, -3.9612194913e-06, -3.357561658e-07, -4.8392163716e-06, -1.0595567704e-05, -1.5807447982e-06, -8.6731747642e-06, -7.3514530325e-07, -1.0595567704e-05, -2.3199222014e-05, -3.4610745307e-06, -1.2939444374e-06, -1.0967577637e-07, -1.5807447982e-06, -3.4610745307e-06, -5.1635511312e-07, -2.748386859e-07, -2.3295549159e-08, -3.357561658e-07, -7.3514530325e-07, -1.0967577637e-07, -2.3295549159e-08, 3.1058569913e-06, -2.8458963994e-08, -6.2311510096e-08, -9.2962074519e-09, -3.357561658e-07, -2.8458963994e-08, -4.1017589103e-07, -8.9808888266e-07, -1.3398520676e-07, -7.3514530325e-07, -6.2311510096e-08, -8.9808888266e-07, -1.9663848091e-06, -2.9336347469e-07, -1.0967577637e-07, -9.2962074519e-09, -1.3398520676e-07, -2.9336347469e-07, -4.376667674e-08, -3.9612194913e-06, -3.357561658e-07, -4.8392163716e-06, -1.0595567704e-05, -1.5807447982e-06, -3.357561658e-07, -2.8458963994e-08, -4.1017589103e-07, -8.9808888266e-07, -1.3398520676e-07, -4.8392163716e-06, -4.1017589103e-07, -5.9701266328e-06, -1.2944055439e-05, -1.9311139217e-06, -1.0595567704e-05, -8.9808888266e-07, -1.2944055439e-05, -2.8341286118e-05, -4.2282152173e-06, -1.5807447982e-06, -1.3398520676e-07, -1.9311139217e-06, -4.2282152173e-06, -6.3080425672e-07, -8.6731747642e-06, -7.3514530325e-07, -1.0595567704e-05, -2.3199222014e-05, -3.4610745307e-06, -7.3514530325e-07, -6.2311510096e-08, -8.9808888266e-07, -1.9663848091e-06, -2.9336347469e-07, -1.0595567704e-05, -8.9808888266e-07, -1.2944055439e-05, -2.8341286118e-05, -4.2282152173e-06, -2.3199222014e-05, -1.9663848091e-06, -2.8341286118e-05, -6.1923642714e-05, -9.2577676144e-06, -3.4610745307e-06, -2.9336347469e-07, -4.2282152173e-06, -9.2577676144e-06, -1.3811594062e-06, -1.2939444374e-06, -1.0967577637e-07, -1.5807447982e-06, -3.4610745307e-06, -5.1635511312e-07, -1.0967577637e-07, -9.2962074519e-09, -1.3398520676e-07, -2.9336347469e-07, -4.376667674e-08, -1.5807447982e-06, -1.3398520676e-07, -1.9311139217e-06, -4.2282152173e-06, -6.3080425672e-07, -3.4610745307e-06, -2.9336347469e-07, -4.2282152173e-06, -9.2577676144e-06, -1.3811594062e-06, -5.1635511312e-07, -4.376667674e-08, -6.3080425672e-07, -1.3811594062e-06, -8.9273767824e-07],
  "m4_fm1": [6.6670400875e-07, 2.9327640026e-08, 4.2269602231e-07, 9.2550197777e-07, 1.3807494585e-07, 2.9327640026e-08, 1.9705482481e-07, 3.0096923195e-08, 6.5897856784e-08, 9.8312518242e-09, 4.2269602231e-07, 3.0096923195e-08, 4.560633151e-07, 9.4977849964e-07, 1.4169674194e-07, 9.2550197777e-07, 6.5897856784e-08, 9.4977849964e-07, 2.0963749052e-06, 3.1024804585e-07, 1.3807494585e-07, 9.8312518242e-09, 1.4169674194e-07, 3.1024804585e-07, 6.1707877302e-08, 2.9327640026e-08, 1.9705482481e-07, 3.0096923195e-08, 6.5897856784e-08, 9.8312518242e-09, 1.9705482481e-07, 2.5384603291e-08, 1.2349392495e-07, 2.7039258888e-07, 4.0339667516e-08, 3.0096923195e-08, 1.2349392495e-07, 3.4227972546e-08, 7.2839104863e-08, 1.0866811418e-08, 6.5897856784e-08, 2.7039258888e-07, 7.2839104863e-08, 1.6020792458e-07, 2.3793115925e-08, 9.8312518242e-09, 4.0339667516e-08, 1.0866811418e-08, 2.3793115925e-08, 4.2147768219e-09, 4.2269602231e-07, 3.0096923195e-08, 4.560633151e-07, 9.4977849964e-07, 1.4169674194e-07, 3.0096923195e-08, 1.2349392495e-07, 3.4227972546e-08, 7.2839104863e-08, 1.0866811418e-08, 4.560633151e-07, 3.4227972546e-08, 5.2102084078e-07, 1.0801433821e-06, 1.6114578097e-07, 9.4977849964e-07, 7.2839104863e-08, 1.0801433821e-06, 2.3090590448e-06, 3.429275404e-07, 1.4169674194e-07, 1.0866811418e-08, 1.6114578097e-07, 3.429275404e-07, 6.0747110779e-08, 9.2550197777e-07, 6.5897856784e-08, 9.4977849964e-07, 2.0963749052e-06, 3.1024804585e-07, 6.5897856784e-08, 2.7039258888e-07, 7.2839104863e-08, 1.6020792458e-07, 2.3793115925e-08, 9.4977849964e-07, 7.2839104863e-08, 1.0801433821e-06, 2.3090590448e-06, 3.429275404e-07, 2.0963749052e-06, 1.6020792458e-07, 2.3090590448e-06, 5.101501564e-06, 7.5426118475e-07, 3.1024804585e-07, 2.3793115925e-08, 3.429275404e-07, 7.5426118475e-07, 1.3300709778e-07, 1.3807494585e-07, 9.8312518242e-09, 1.4169674194e-07, 3.1024804585e-07, 6.1707877302e-08, 9.8312518242e-09, 4.0339667516e-08, 1.0866811418e-08, 2.3793115925e-08, 4.2147768219e-09, 1.4169674194e-07, 1.0866811418e-08, 1.6114578097e-07, 3.429275404e-07, 6.0747110779e-08, 3.1024804585e-07, 2.3793115925e-08, 3.429275404e-07, 7.5426118475e-07, 1.3300709778e-07, 6.1707877302e-08, 4.2147768219e-09, 6.0747110779e-08, 1.3300709778e-07, 2.610582686e-08, 2.9327640026e-08, 1.9705482481e-07, 3.0096923195e-08, 6.5897856784e-08, 9.8312518242e-09, 1.9705482481e-07, 2.5384603291e-08, 1.2349392495e-07, 2.7039258888e-07, 4.0339667516e-08, 3.0096923195e-08, 1.2349392495e-07, 3.4227972546e-08, 7.2839104863e-08, 1.0866811418e-08, 6.5897856784e-08, 2.7039258888e-07, 7.2839104863e-08, 1.6020792458e-07, 2.3793115925e-08, 9.8312518242e-09, 4.0339667516e-08, 1.0866811418e-08, 2.3793115925e-08, 4.2147768219e-09, 1.9705482481e-07, 2.5384603291e-08, 1.2349392495e-07, 2.7039258888e-07, 4.0339667516e-08, 2.5384603291e-08, 9.9936238447e-07, 3.1011053061e-08, 6.789936367e-08, 1.0129855135e-08, 1.2349392495e-07, 3.1011053061e-08, 1.901764386e-07, 3.3032459972e-07, 4.9280879258e-08, 2.7039258888e-07, 6.789936367e-08, 3.3032459972e-07, 7.529204195e-07, 1.0790153872e-07, 4.0339667516e-08, 1.0129855135e-08, 4.9280879258e-08, 1.0790153872e-07, 4.3308696265e-08, 3.0096923195e-08, 1.2349392495e-07, 3.4227972546e-08, 7.2839104863e-08, 1.0866811418e-08, 1.2349392495e-07, 3.1011053061e-08, 1.901764386e-07, 3.3032459972e-07, 4.9280879258e-08, 3.4227972546e-08, 1.901764386e-07, 4.4162147588e-08, 9.1553826109e-08, 1.3658846643e-08, 7.2839104863e-08, 3.3032459972e-07, 9.1553826109e-08, 1.9571771097e-07, 2.9066815501e-08, 1.0866811418e-08, 4.9280879258e-08, 1.3658846643e-08, 2.9066815501e-08, 5.1489742095e-09, 6.5897856784e-08, 2.7039258888e-07, 7.2839104863e-08, 1.6020792458e-07, 2.3793115925e-08, 2.7039258888e-07, 6.789936367e-08, 3.3032459972e-07, 7.529204195e-07, 1.0790153872e-07, 7.2839104863e-08, 3.3032459972e-07, 9.1553826109e-08, 1.9571771097e-07, 2.9066815501e-08, 1.6020792458e-07, 7.529204195e-07, 1.9571771097e-07, 4.3240739593e-07, 6.3931787663e-08, 2.3793115925e-08, 1.0790153872e-07, 2.9066815501e-08, 6.3931787663e-08, 1.1273789113e-08, 9.8312518242e-09, 4.0339667516e-08, 1.0866811418e-08, 2.3793115925e-08, 4.2147768219e-09, 4.0339667516e-08, 1.0129855135e-08, 4.9280879258e-08, 1.0790153872e-07, 4.3308696265e-08, 1.0866811418e-08, 4.9280879258e-08, 1.3658846643e-08, 2.9066815501e-08, 5.1489742095e-09, 2.3793115925e-08, 1.0790153872e-07, 2.9066815501e-08, 6.3931787663e-08, 1.1273789113e-08, 4.2147768219e-09, 4.3308696265e-08, 5.1489742095e-09, 1.1273789113e-08, 2.2127509851e-09, 4.2269602231e-07, 3.0096923195e-08, 4.560633151e-07, 9.4977849964e-07, 1.4169674194e-07, 3.0096923195e-08, 1.2349392495e-07, 3.4227972546e-08, 7.2839104863e-08, 1.0866811418e-08, 4.560633151e-07, 3.4227972546e-08, 5.2102084078e-07, 1.0801433821e-06, 1.6114578097e-07, 9.4977849964e-07, 7.2839104863e-08, 1.0801433821e-06, 2.3090590448e-06, 3.429275404e-07, 1.4169674194e-07, 1.0866811418e-08, 