{
    "kelly": {
        "weights": {
            "AAPL": 1.223039861776221e-08,
            "AMZN": 0.9999999374681765,
            "GOOGL": 1.1243556644614447e-08,
            "META": 2.1040482081372116e-08,
            "MSFT": 1.8017386176358125e-08
        }
    },
    "mdiv": {
        "weights": {
            "AAPL": 0.1806308338165042,
            "AMZN": 0.4942593026722046,
            "GOOGL": 0.03381638732136354,
            "META": 0.29129347219208385,
            "MSFT": 3.997843869606026e-09
        },
        "div_ratio": 1.1031321003437793
    }
}