{"sigma":[[0.00028097168474,-2.6366779653e-06,0.0002277591346,0.00034536202008,7.0899526158e-05],[-2.6366779653e-06,0.00051929945626,9.3161964094e-07,4.2579709196e-05,4.0895749918e-05],[0.0002277591346,9.3161964094e-07,0.00032922900042,0.00046844879541,9.0527468792e-05],[0.00034536202008,4.2579709196e-05,0.00046844879541,0.0010699223961,0.00014532819896],[7.0899526158e-05,4.0895749918e-05,9.0527468792e-05,0.00014532819896,6.7381886484e-05]],"weights":[0.2,0.2,0.2,0.2,0.2],"std_dev_decomp":{"total":[0.014320608246],"mcr":[0.01288151553,0.008394473848,0.01559844386,0.028932306283,0.0057963017097],"ccr":[0.002576303106,0.0016788947696,0.003119688772,0.0057864612567,0.0011592603419],"pcr":[0.17990179339,0.11723627521,0.2178461081,0.4040653272,0.080950496097]},"var_decomp":{"total":[0.00020507982054],"ccr":[3.6894227505e-05,2.4042794282e-05,4.4675840755e-05,8.2865644789e-05,1.6601313212e-05],"pcr":[0.17990179339,0.11723627521,0.2178461081,0.4040653272,0.080950496097]}}
