{
    "kelly": {
        "weights": {
            "AAPL": 1.223039861776221e-08,
            "AMZN": 0.9999999374681765,
            "GOOGL": 1.1243556644614447e-08,
            "META": 2.1040482081372116e-08,
            "MSFT": 1.8017386176358125e-08
        }
    },
    "mdiv": {
        "weights": {
            "AAPL": 0.1806308338165042,
            "AMZN": 0.4942593026722046,
            "GOOGL": 0.03381638732136354,
            "META": 0.29129347219208385,
            "MSFT": 3.997843869606026e-09
        },
        "div_ratio": 1.1031321003437793
    },
    "min_uci": {
        "weights": {
            "AAPL": 8.494945389111936e-09,
            "AMZN": 0.9999999741888369,
            "GOOGL": 2.0966697597071186e-09,
            "META": 1.5515609005972877e-09,
            "MSFT": 1.366798698835504e-08
        }
    },
    "max_martin": {
        "weights": {
            "AAPL": 6.365818896669771e-10,
            "AMZN": 0.9999999971740157,
            "GOOGL": 1.2089473333970686e-10,
            "META": 2.0847156029204894e-10,
            "MSFT": 1.8600360864501156e-09
        }
    }
}