{
  "q": 15.76923076923077,
  "e_max": 1.5670598828932802,
  "sigma_raw": [[0.0003319593481587757, -8.995082735533264e-6, 0.00023685590793878536, 0.00037736230057388805, 7.91369430894309e-5, 0.0002310787010999521, 0.00018100626614060255, 0.00011585059301769502, 0.00023072414012434246, 0.00010481983548541374, 0.00019216048254423737, -0.00032607868914395023, 0.00019496728455284555], [-8.995082735533264e-6, 0.0005842509000478243, -1.024607795313246e-5, 3.642014012434241e-5, 3.8601195839311326e-5, 3.191132950741294e-6, 5.520791487326638e-6, 0.00020311654351984695, 4.647838689622193e-5, 2.6178735054997726e-6, 2.061265662362506e-6, 0.00013555275035867994, 7.143827570540408e-5], [0.00023685590793878536, -1.024607795313246e-5, 0.0003193050636059301, 0.0005107845679100908, 9.385899760879961e-5, 0.0002929959275466285, 0.00014938610114777619, 0.00015729974892395986, 0.00030023702582496393, 0.000119418156623625, 0.00018855455858440945, -0.0005660281728837876, 0.00024890356097560974], [0.00037736230057388805, 3.642014012434241e-5, 0.0005107845679100908, 0.0012616275643232895, 0.00016330012290769955, 0.0005241490260640842, 0.00024119126374940215, 0.0003897024151123865, 0.0006232754784791965, 0.0002295781750358679, 0.00034239380248684827, -0.001257967302008609, 0.0005136425815399329], [7.91369430894309e-5, 3.8601195839311326e-5, 9.385899760879961e-5, 0.00016330012290769955, 7.308048158775704e-5, 0.0001004054823051171, 4.5238836681013856e-5, 7.673316475370638e-5, 0.00012468283022477278, 4.986198541367762e-5, 6.892403443328553e-5, -0.0001562593596365375, 0.00010129995480631282], [0.0002310787010999521, 3.191132950741294e-6, 0.0002929959275466285, 0.0005241490260640842, 0.0001004054823051171, 0.0003093394658058343, 0.00013242974653275943, 0.00017404010282161657, 0.00033651128718316576, 0.0001489022570540412, 0.00019798095313247266, -0.0006265412675753223, 0.00026255727474892404], [0.00018100626614060255, 5.520791487326638e-6, 0.00014938610114777619, 0.00024119126374940215, 4.5238836681013856e-5, 0.00013242974653275943, 0.00016349391917742703, 8.809966523194644e-5, 0.0001230736716881876, 4.9921761119081794e-5, 0.00011606916307986606, -0.00012714053443328547, 0.00011801326757532284], [0.00011585059301769502, 0.00020311654351984695, 0.00015729974892395986, 0.0003897024151123865, 7.673316475370638e-5, 0.00017404010282161657, 8.809966523194644e-5, 0.00024967734815877564, 0.0002428176637972262, 8.11434194165471e-5, 0.00011417851745576279, -0.00033560874222859883, 0.00021134148015303686], [0.00023072414012434246, 4.647838689622193e-5, 0.00030023702582496393, 0.0006232754784791965, 0.00012468283022477278, 0.00033651128718316576, 0.0001230736716881876, 0.0002428176637972262, 0.0004610258139646102, 0.00016276143400286935, 0.00022407335557149681, -0.0008408496276901003, 0.0003299685841702535], [0.00010481983548541374, 2.6178735054997726e-6, 0.000119418156623625, 0.0002295781750358679, 4.986198541367762e-5, 0.0001489022570540412, 4.9921761119081794e-5, 8.11434194165471e-5, 0.00016276143400286935, 0.0001043914505021521, 9.526530344332846e-5, -0.0002883234634146342, 0.0001248886709708273], [0.00019216048254423737, 2.061265662362506e-6, 0.00018855455858440945, 0.00034239380248684827, 6.892403443328553e-5, 0.00019798095313247266, 0.00011606916307986606, 0.00011417851745576279, 0.00022407335557149681, 9.526530344332846e-5, 0.00015442066618842664, -0.00036621549282639897, 0.00017154417097082727], [-0.00032607868914395023, 0.00013555275035867994, -0.0005660281728837876, -0.001257967302008609, -0.0001562593596365375, -0.0006265412675753223, -0.00012714053443328547, -0.00033560874222859883, -0.0008408496276901003, -0.0002883234634146342, -0.00036621549282639897, 0.002605717206121473, -0.0005687163194643711], [0.00019496728455284555, 7.143827570540408e-5, 0.00024890356097560974, 0.0005136425815399329, 0.00010129995480631282, 0.00026255727474892404, 0.00011801326757532284, 0.00021134148015303686, 0.0003299685841702535, 0.0001248886709708273, 0.00017154417097082727, -0.0005687163194643711, 0.0002810725691056912]],