{
    "L_1_weights": [
        0.19992151525509275,
        0.2499727133536508,
        0.1999950235175872,
        0.19998214432654488,
        0.15012860354712457
    ],
    "L_inf_weights": [
        0.15002124204712536,
        0.24999551535520148,
        0.24997363796682967,
        0.199998541225856,
        0.15001106340498754
    ]
}